{
  "definitions": {
    "runSpec": {
      "type": "object",
      "properties": {
        "target": { "type": "string", "enum": ["stepFunctions", "workerLambda", "inPlace"] },
        "size": { "type": "string", "enum": ["small", "medium", "large"] }
      }
    }
  },
  "$schema": "http://json-schema.org/draft-07/schema#",
  "$id": "http://basedl/root.json",
  "type": "object",
  "required": [
    "workflowId"
  ],
  "additionalProperties": false,
  "properties": {
    "workflowId": { "type": "string" },
    "workflowVer": { "type": "integer", "minimum": 1 },
    "runSpec": { "$ref": "#/definitions/runSpec" },
    "status": { "type": "string", "enum": ["not_started", "in_progress", "paused", "error", "done"] },
    "assignmentId": { "type": "string" },
    "smWorkflow": { "type": "string" }
  }
}
