{
  "definitions": {
    "markdown": {
      "type": "string"
    },
    "description": {
      "$ref": "#/definitions/markdown"
    },
    "runSpec": {
      "type": "object",
      "properties": {
        "target": { "type": "string", "enum": ["stepFunctions", "workerLambda", "inPlace"] },
        "size": { "type": "string", "enum": ["small", "medium", "large"] }
      }
    },
    "selectedStep": {
      "type": "object",
      "properties": {
        "stepTemplateId": { "type": "string", "pattern": "^(.*)$" },
        "stepTemplateVer": { "type": "integer", "minimum": 0 },
        "title": { "type": "string" },
        "desc": { "$ref": "#/definitions/description" },
        "skippable": { "type": "boolean" },
        "configs": { "type": "object" },
        "id": { "type": "string" }
      },
      "additionalProperties": false,
      "required": [
        "stepTemplateId",
        "stepTemplateVer",
        "id"
      ]
    }
  },
  "$schema": "http://json-schema.org/draft-07/schema#",
  "$id": "http://basedl/root.json",
  "type": "object",
  "required": [
    "id",
    "v",
    "workflowTemplateId",
    "workflowTemplateVer",
    "selectedSteps"
  ],
  "additionalProperties": false,
  "properties": {
    "id": {
      "$id": "#/properties/id",
      "type": "string",
      "pattern": "^(.*)$"
    },
    "v": {
      "$id": "#/properties/v",
      "type": "integer",
      "minimum": 0
    },
    "workflowTemplateId": { "type": "string" },
    "workflowTemplateVer": { "type": "integer", "minimum": 1 },
    "title": {
      "$id": "#/properties/title",
      "type": "string",
      "default": "",
      "pattern": "^(.*)$"
    },
    "desc": {
      "$ref": "#/definitions/description"
    },
    "hidden": { "type": "boolean", "default": false },
    "builtin": { "type": "boolean", "default": false },
    "selectedSteps": { "type": "array", "items": { "$ref": "#/definitions/selectedStep" }, "default": [] },
    "instanceTtl": { "oneOf": [ { "type": "null" }, { "type": "number", "default": -1} ] },
    "runSpec": { "$ref": "#/definitions/runSpec" }
  }
}