{
  "$schema": "http://json-schema.org/draft-07/schema#",
  "type": "object",
  "additionalProperties": false,
  "properties": {
    "name": {
      "type": "string",
      "maxLength": 128,
      "minLength": 3,
      "pattern": "^[A-Za-z][A-Za-z0-9-]+$"
    },
    "description": {
      "type": "string",
      "maxLength": 2048
    },
    "envTypeId": {
      "type": "string",
      "minLength": 1,
      "maxLength": 100
    },
    "envTypeConfigId": {
      "type": "string",
      "minLength": 1,
      "maxLength": 300
    },
    "projectId": {
      "type": "string"
    },
    "cidr": {
      "type": "string",
      "pattern": "^(?:([0-9]{1,3}\\.){3}[0-9]{1,3}(\\/([0-9]|[1-2][0-9]|3[0-2]))?)?$"
    },
    "studyIds": {
      "type": "array",
      "items": [
        {
          "type": "string",
          "minLength": 1
        }
      ]
    }
  },
  "required": ["name", "envTypeId", "envTypeConfigId"]
}
