{
  "$schema": "http://json-schema.org/draft-07/schema#",
  "type": "object",
  "additionalProperties": false,
  "properties": {
    "id": {
      "type": "string",
      "minLength": 1,
      "maxLength": 100,
      "pattern": "^[A-Za-z0-9-_ ]+$"
    },
    "rev": {
      "type": "number"
    },
    "indexId": {
      "type": "string"
    },
    "description": {
      "type": "string",
      "maxLength": 3000
    },
    "projectAdmins": {
      "type": "array",
      "items": [
        {
          "type": "string"
        }
      ],
      "default": []
    }
  },
  "required": ["id", "rev", "indexId"]
}
