{
  "$schema": "http://json-schema.org/draft-07/schema#",
  "type": "object",
  "additionalProperties": false,
  "definitions": {
    "permissionLevel": {
      "type": "string",
      "enum": ["admin", "readonly", "writeonly", "readwrite"]
    },
    "userEntry": {
      "type": "object",
      "properties": {
        "uid": { "type": "string"},
        "permissionLevel": { "$ref": "#/definitions/permissionLevel" }
      },
      "required": ["uid"]
    }
  },
  "properties": {
    "usersToAdd": {
      "type": "array",
      "items": { "$ref": "#/definitions/userEntry" }
    },
    "usersToRemove": {
      "type": "array",
      "items": { "$ref": "#/definitions/userEntry" }
    }
  }
}